2;_1033._10496__6466
1;_834._12900__12731
3;_1033._10496__6467
4;_1033._10496__6468
5;_1033._10496__6469
6;_1033._12504__10010
8;_834._10435__10022
7;_1251__10022
9;_764._11508__11751
10;_1033._12504__10013
11;_1477._1255__10030
12;_1033._12504__10012
14;_1033._12504__10017
13;_834._12900__12734
16;_1033._12504__10018
15;_1477._1256__6469
18;_1033._12504__10015
17;_834._12900__12732
20;_1033._12504__10016
19;_834._12900__12733
21;_1439._1252__10017
22;_1439._1252__10018
23;_127._166__2618
23;_127._14050__2618
25;_127._148__2552
24;_127._14050__2617
28;_127._148__2553
27;_127._14050__2616
26;_1439._1445__6466
30;_127._166__2614
29;locales._1555_en_US
31;_1439._1445__6467
27;_127._166__2616
32;_1439._1229__10021
24;_127._166__2617
35;_1439._1229__10020
34;_127._148__2550
33;_1439._1445__6469
36;_1467._1468__9643
37;_1467._1468__9644
38;_12491._12492__12837
36;_1491._1492__9643
39;_1485._1489__10053
30;_127._14050__2614
37;_1491._1492__9644
40;_1485._1489__10052
41;_1477._1256__10059
42;_12491._12912__13048
43;_1477._1256__10062
44;_127._11223__11292
45;_1477._1256__10060
47;_1477._1256__10061
46;_1491._1493__10042
48;_1439._1445__10026
49;_1461._1460__10036
50;_1439._1445__10028
51;_1461._1460__10039
52;_14123._14124__14949
53;_834._14092__6246
55;_12491._12495_mainTitleBgRes
54;_127._11223__11291
56;_1477._1254__10030
57;_1033._12501__12893
5;_1439._1264__10063
58;_1439._1264__10064
60;_1477._1255__10060
59;_12491._12496_mainTitleBgRes
61;_127._14050__14373
62;_1485._1486__10052
46;_1467._1469__10042
63;_1485._1486__10053
65;_1477._1255__10062
64;_1250__10022
67;_1477._1255__10061
66;_834._12904__10010
68;_1033._12501__12886
69;_1033._12501__12885
71;_1033._12504__10008
70;_1477._1255__10059
72;_834._12904__10008
73;_1374.AboutWindow_AboutWindowConfig
23;_1439._1269__2618
74;_1439._1269__2617
75;_1439._1269__2616
76;locales._1298_zh_CN
77;_928._927_imgVisible
78;_1439._1445__10030
79;_1033._12915__13054
32;_1439._1233__10021
80;_1439._1268__2610
81;_1477._1272__10056
35;_1439._1233__10020
82;_1461._1462__6466
27;_915._914__2616
24;_915._914__2617
83;_1439._1443__10024
84;_1461._1462__6469
85;_1461._1462__6467
86;_1439._1268__2608
87;_1439._1268__2609
87;_127._164__2609
86;_127._164__2608
88;_1439._1443__10023
23;_915._914__2618
89;_1439._1474__10053
35;_1439._1474__10052
90;_1439._1453__10034
93;_1404._1405__9840
92;_953._960_rulerSign
91;_1439._1453__10033
94;_1404._1405__9841
96;_1404._1405__9838
95;_764.ProjectDataTemplate__5947
97;_1404._1405__9837
98;_1404._1405__9836
99;_1404._1405__9835
23;_1439._1474__6466
8;_1439._1234__10022
100;_1404._1405__9839
101;_1439._1474__6469
102;_1477._1253__6469
103;_1439._1474__6467
3;_1439._1233__10005
104;_1477._1254__10059
5;_1439._1233__10006
105;_1461._1464__6467
53;_1439._1233__10003
106;_1461._1464__6466
108;_1461._1463__6466
107;_1439._1252__10015
110;_1461._1463__6467
109;_1439._1252__10016
111;_1439._1252__10013
112;_1461._1463__6469
113;_1485._1487__10052
115;_1485._1487__10053
114;_1439._1252__10012
116;_1439._1252__10010
117;_764.LayoutTemplate__5945
118;_1439._1252__10008
119;_1477._1254__10060
121;_1477._1254__10061
8;_1439._1230__10022
120;_834._841__6246
122;_1477._1254__10062
123;_1461._1464__6469
124;_1439._1228__10008
125;_928._927_imgSelectable
126;_1461._1463__10030
127;_13._12__1589
128;locales._1555_ru_RF
129;_13._12__1584
127;_13._12__1583
130;_13._12__1582
131;_13._12__1581
127;_13._12__1588
132;_13._12__1587
133;_13._12__1586
134;_13._12__1585
135;_477._14067__14473
136;_13._12__1590
138;_13._12__1591
137;_1439._1228__10018
139;_1439._1228__10017
140;_1439._1228__10016
141;_1439._1228__10015
143;_1439._1228__10013
142;_127._14040__14342
144;_1439._1228__10012
145;_1461._1464__10030
66;_1439._1228__10010
146;_1404._1405__9834
148;_1461._1463__10026
147;_1461._1464__10026
149;_13._12__1593
152;_1461._1463__10028
151;_1461._1464__10028
150;_13._12__1592
153;_13._12__1595
154;_13._12__1594
155;_13._12__1597
156;_13._12__1596
157;_13._12__1599
158;_13._12__1598
159;locales._1555_uk_UA
160;_1477._1253__10060
161;_1477._1253__10062
162;_1477._1253__10061
163;_1439._1268__2611
38;_1009.LoginLimitedWindow__12837
164;_1467._1469_titleIcon
59;_12491._12497_mainTitleBgRes
165;_14115._14114__14913
166;_14115._14114__14912
167;_1439._1446_arrow
169;_1477._1253__10059
168;_1439._1446__10031
27;_965._977__2616
24;_965._977__2617
23;_965._977__2618
170;_1485._1484__6467
172;_931._932__10817
171;_1485._1484__6466
29;locales._1298_en_US
173;_1485._1484__6469
174;_127._14038__14332
176;_931._932_cross
175;_127._14038__14333
178;_1467._1469_titleIcon_r
177;_127._164__2611
179;_127._164__2610
8;_1439._1446__10022
181;_931._932_lock
180;_521._528__3819
182;_1461._1462__10026
183;_931._932_radio
184;_1461._1462__10028
75;_1439._1444__2616
186;_521._528__14518
185;_834._12904__10017
2;_883._884__6466
187;_521._528__14519
137;_834._12904__10018
23;_1439._1444__2618
141;_834._12904__10015
4;_883._884__6468
74;_1439._1444__2617
140;_834._12904__10016
3;_883._884__6467
189;_521._528__14514
188;_834._12904__10013
191;_1477._1256__10030
190;_521._528__14516
194;_1477._1255__6469
193;_521._528__14517
192;_834._12904__10012
5;_883._884__6469
8;_1439._1475__10022
195;_521._528__3821
196;_472._14071__14607
76;locales._1555_zh_CN
197;DragonBonesPro__7392
198;DragonBonesPro__7394
199;_1477._1253__10030
81;_1477._1237__10056
164;_1491._1493_titleIcon
4;_1439._1227__6468
200;_13._12__11269
3;_1439._1227__6467
2;_1439._1227__6466
201;_1477._1254__6469
202;_13._12__11270
203;_13._12__11271
204;_1439._1443__2618
205;_1439._1443__2616
8;_834._14091__10022
206;_1461._1462__10030
5;_1439._1227__6469
207;_521._528__3816
208;_1485._1488__10053
209;_931._932_dot
210;_1485._1488__10052
0;DragonBonesPro
